t_min,glucose_true_mg_dl,sensor_mg_dl,sensor_valid,carbs_g_step,iir_u_per_h,exercise_pct,hr_bpm
0.0000,100.5746,93.8734,1,0.0000,0.4541,0.0000,0.0000
1.0000,101.0679,0.0000,0,0.0000,0.4541,0.0000,0.0000
2.0000,101.4918,0.0000,0,0.0000,0.4541,0.0000,0.0000
3.0000,101.8569,0.0000,0,0.0000,0.4541,0.0000,0.0000
4.0000,102.1723,0.0000,0,0.0000,0.4541,0.0000,0.0000
5.0000,102.4457,105.4911,1,0.0000,0.4541,0.0000,0.0000
6.0000,102.6837,0.0000,0,0.0000,0.4541,0.0000,0.0000
7.0000,102.8921,0.0000,0,0.0000,0.4541,0.0000,0.0000
8.0000,103.0756,0.0000,0,0.0000,0.4541,0.0000,0.0000
9.0000,103.2386,0.0000,0,0.0000,0.4541,0.0000,0.0000
10.0000,103.3844,82.5652,1,0.0000,0.4541,0.0000,0.0000
11.0000,103.5161,0.0000,0,0.0000,0.4541,0.0000,0.0000
12.0000,103.6362,0.0000,0,0.0000,0.4541,0.0000,0.0000
13.0000,103.7469,0.0000,0,0.0000,0.4541,0.0000,0.0000
14.0000,103.8500,0.0000,0,0.0000,0.4541,0.0000,0.0000
15.0000,103.9470,92.8791,1,0.0000,0.4541,0.0000,0.0000
16.0000,104.0393,0.0000,0,0.0000,0.4541,0.0000,0.0000
17.0000,104.1279,0.0000,0,0.0000,0.4541,0.0000,0.0000
18.0000,104.2138,0.0000,0,0.0000,0.4541,0.0000,0.0000
19.0000,104.2977,0.0000,0,0.0000,0.4541,0.0000,0.0000
20.0000,104.3803,91.4059,1,0.0000,0.4541,0.0000,0.0000
21.0000,104.4621,0.0000,0,0.0000,0.4541,0.0000,0.0000
22.0000,104.5435,0.0000,0,0.0000,0.4541,0.0000,0.0000
23.0000,104.6249,0.0000,0,0.0000,0.4541,0.0000,0.0000
24.0000,104.7066,0.0000,0,0.0000,0.4541,0.0000,0.0000
25.0000,104.7888,95.3951,1,0.0000,0.4541,0.0000,0.0000
26.0000,104.8718,0.0000,0,0.0000,0.4541,0.0000,0.0000
27.0000,104.9555,0.0000,0,0.0000,0.4541,0.0000,0.0000
28.0000,105.0403,0.0000,0,0.0000,0.4541,0.0000,0.0000
29.0000,105.1261,0.0000,0,0.0000,0.4541,0.0000,0.0000
30.0000,105.2131,96.0441,1,0.0000,0.4541,0.0000,0.0000
31.0000,105.3012,0.0000,0,0.0000,0.4541,0.0000,0.0000
32.0000,105.3905,0.0000,0,0.0000,0.4541,0.0000,0.0000
33.0000,105.4809,0.0000,0,0.0000,0.4541,0.0000,0.0000
34.0000,105.5726,0.0000,0,0.0000,0.4541,0.0000,0.0000
35.0000,105.6654,106.7138,1,0.0000,0.4541,0.0000,0.0000
36.0000,105.7594,0.0000,0,0.0000,0.4541,0.0000,0.0000
37.0000,105.8545,0.0000,0,0.0000,0.4541,0.0000,0.0000
38.0000,105.9507,0.0000,0,0.0000,0.4541,0.0000,0.0000
39.0000,106.0480,0.0000,0,0.0000,0.4541,0.0000,0.0000
40.0000,106.1462,87.2845,1,0.0000,0.4541,0.0000,0.0000
41.0000,106.2455,0.0000,0,0.0000,0.4541,0.0000,0.0000
42.0000,106.3456,0.0000,0,0.0000,0.4541,0.0000,0.0000
43.0000,106.4467,0.0000,0,0.0000,0.4541,0.0000,0.0000
44.0000,106.5485,0.0000,0,0.0000,0.4541,0.0000,0.0000
45.0000,106.6512,115.8982,1,0.0000,0.4541,0.0000,0.0000
46.0000,106.7546,0.0000,0,0.0000,0.4541,0.0000,0.0000
47.0000,106.8586,0.0000,0,0.0000,0.4541,0.0000,0.0000
48.0000,106.9633,0.0000,0,0.0000,0.4541,0.0000,0.0000
49.0000,107.0686,0.0000,0,0.0000,0.4541,0.0000,0.0000
50.0000,107.1744,111.6776,1,0.0000,0.4541,0.0000,0.0000
51.0000,107.2807,0.0000,0,0.0000,0.4541,0.0000,0.0000
52.0000,107.3875,0.0000,0,0.0000,0.4541,0.0000,0.0000
53.0000,107.4947,0.0000,0,0.0000,0.4541,0.0000,0.0000
54.0000,107.6022,0.0000,0,0.0000,0.4541,0.0000,0.0000
55.0000,107.7100,107.4433,1,0.0000,0.4541,0.0000,0.0000
56.0000,107.8181,0.0000,0,0.0000,0.4541,0.0000,0.0000
57.0000,107.9265,0.0000,0,0.0000,0.4541,0.0000,0.0000
58.0000,108.0350,0.0000,0,0.0000,0.4541,0.0000,0.0000
59.0000,108.1437,0.0000,0,0.0000,0.4541,0.0000,0.0000
60.0000,108.2525,116.8324,1,4.0000,72.4541,0.0000,0.0000
61.0000,108.3613,0.0000,0,4.0000,72.4541,0.0000,0.0000
62.0000,108.4702,0.0000,0,4.0000,72.4541,0.0000,0.0000
63.0000,108.5814,0.0000,0,4.0000,72.4541,0.0000,0.0000
64.0000,108.7022,0.0000,0,4.0000,72.4541,0.0000,0.0000
65.0000,108.8435,110.0489,1,4.0000,0.4541,0.0000,0.0000
66.0000,109.0177,0.0000,0,4.0000,0.4541,0.0000,0.0000
67.0000,109.2383,0.0000,0,4.0000,0.4541,0.0000,0.0000
68.0000,109.5191,0.0000,0,4.0000,0.4541,0.0000,0.0000
69.0000,109.8745,0.0000,0,4.0000,0.4541,0.0000,0.0000
70.0000,110.3184,108.4382,1,4.0000,0.4541,0.0000,0.0000
71.0000,110.8648,0.0000,0,4.0000,0.4541,0.0000,0.0000
72.0000,111.5270,0.0000,0,4.0000,0.4541,0.0000,0.0000
73.0000,112.3178,0.0000,0,4.0000,0.4541,0.0000,0.0000
74.0000,113.2493,0.0000,0,4.0000,0.4541,0.0000,0.0000
75.0000,114.3328,118.3679,1,0.0000,0.4541,0.0000,0.0000
76.0000,115.5817,0.0000,0,0.0000,0.4541,0.0000,0.0000
77.0000,117.0044,0.0000,0,0.0000,0.4541,0.0000,0.0000
78.0000,118.6039,0.0000,0,0.0000,0.4541,0.0000,0.0000
79.0000,120.3785,0.0000,0,0.0000,0.4541,0.0000,0.0000
80.0000,122.3229,113.5056,1,0.0000,0.4541,0.0000,0.0000
81.0000,124.4283,0.0000,0,0.0000,0.4541,0.0000,0.0000
82.0000,126.6831,0.0000,0,0.0000,0.4541,0.0000,0.0000
83.0000,129.0732,0.0000,0,0.0000,0.4541,0.0000,0.0000
84.0000,131.5820,0.0000,0,0.0000,0.4541,0.0000,0.0000
85.0000,134.1907,130.9940,1,0.0000,0.4541,0.0000,0.0000
86.0000,136.8785,0.0000,0,0.0000,0.4541,0.0000,0.0000
87.0000,139.6227,0.0000,0,0.0000,0.4541,0.0000,0.0000
88.0000,142.3994,0.0000,0,0.0000,0.4541,0.0000,0.0000
89.0000,145.1848,0.0000,0,0.0000,0.4541,0.0000,0.0000
90.0000,147.9555,150.3215,1,0.0000,0.4541,0.0000,0.0000
91.0000,150.6903,0.0000,0,0.0000,0.4541,0.0000,0.0000
92.0000,153.3705,0.0000,0,0.0000,0.4541,0.0000,0.0000
93.0000,155.9809,0.0000,0,0.0000,0.4541,0.0000,0.0000
94.0000,158.5093,0.0000,0,0.0000,0.4541,0.0000,0.0000
95.0000,160.9467,179.0873,1,0.0000,0.4541,0.0000,0.0000
96.0000,163.2872,0.0000,0,0.0000,0.4541,0.0000,0.0000
97.0000,165.5268,0.0000,0,0.0000,0.4541,0.0000,0.0000
98.0000,167.6639,0.0000,0,0.0000,0.4541,0.0000,0.0000
99.0000,169.6981,0.0000,0,0.0000,0.4541,0.0000,0.0000
100.0000,171.6304,148.1979,1,0.0000,0.4541,0.0000,0.0000
101.0000,173.4626,0.0000,0,0.0000,0.4541,0.0000,0.0000
102.0000,175.1971,0.0000,0,0.0000,0.4541,0.0000,0.0000
103.0000,176.8368,0.0000,0,0.0000,0.4541,0.0000,0.0000
104.0000,178.3848,0.0000,0,0.0000,0.4541,0.0000,0.0000
105.0000,179.8446,179.6022,1,0.0000,0.4541,0.0000,0.0000
106.0000,181.2195,0.0000,0,0.0000,0.4541,0.0000,0.0000
107.0000,182.5126,0.0000,0,0.0000,0.4541,0.0000,0.0000
108.0000,183.7272,0.0000,0,0.0000,0.4541,0.0000,0.0000
109.0000,184.8666,0.0000,0,0.0000,0.4541,0.0000,0.0000
110.0000,185.9342,193.3534,1,0.0000,0.4541,0.0000,0.0000
111.0000,186.9333,0.0000,0,0.0000,0.4541,0.0000,0.0000
112.0000,187.8669,0.0000,0,0.0000,0.4541,0.0000,0.0000
113.0000,188.7380,0.0000,0,0.0000,0.4541,0.0000,0.0000
114.0000,189.5493,0.0000,0,0.0000,0.4541,0.0000,0.0000
115.0000,190.3037,198.9315,1,0.0000,0.4541,0.0000,0.0000
116.0000,191.0036,0.0000,0,0.0000,0.4541,0.0000,0.0000
117.0000,191.6515,0.0000,0,0.0000,0.4541,0.0000,0.0000
118.0000,192.2497,0.0000,0,0.0000,0.4541,0.0000,0.0000
119.0000,192.8004,0.0000,0,0.0000,0.4541,0.0000,0.0000
120.0000,193.3057,199.2332,1,0.0000,0.4541,0.0000,0.0000
121.0000,193.7676,0.0000,0,0.0000,0.4541,0.0000,0.0000
122.0000,194.1880,0.0000,0,0.0000,0.4541,0.0000,0.0000
123.0000,194.5687,0.0000,0,0.0000,0.4541,0.0000,0.0000
124.0000,194.9114,0.0000,0,0.0000,0.4541,0.0000,0.0000
125.0000,195.2177,203.4807,1,0.0000,0.4541,0.0000,0.0000
126.0000,195.4892,0.0000,0,0.0000,0.4541,0.0000,0.0000
127.0000,195.7274,0.0000,0,0.0000,0.4541,0.0000,0.0000
128.0000,195.9337,0.0000,0,0.0000,0.4541,0.0000,0.0000
129.0000,196.1094,0.0000,0,0.0000,0.4541,0.0000,0.0000
130.0000,196.2559,201.0933,1,0.0000,0.4541,0.0000,0.0000
131.0000,196.3744,0.0000,0,0.0000,0.4541,0.0000,0.0000
132.0000,196.4660,0.0000,0,0.0000,0.4541,0.0000,0.0000
133.0000,196.5319,0.0000,0,0.0000,0.4541,0.0000,0.0000
134.0000,196.5733,0.0000,0,0.0000,0.4541,0.0000,0.0000
135.0000,196.5910,197.7828,1,0.0000,0.4541,0.0000,0.0000
136.0000,196.5863,0.0000,0,0.0000,0.4541,0.0000,0.0000
137.0000,196.5599,0.0000,0,0.0000,0.4541,0.0000,0.0000
138.0000,196.5128,0.0000,0,0.0000,0.4541,0.0000,0.0000
139.0000,196.4460,0.0000,0,0.0000,0.4541,0.0000,0.0000
140.0000,196.3602,202.5153,1,0.0000,0.4541,0.0000,0.0000
141.0000,196.2564,0.0000,0,0.0000,0.4541,0.0000,0.0000
142.0000,196.1352,0.0000,0,0.0000,0.4541,0.0000,0.0000
143.0000,195.9976,0.0000,0,0.0000,0.4541,0.0000,0.0000
144.0000,195.8441,0.0000,0,0.0000,0.4541,0.0000,0.0000
145.0000,195.6755,206.8609,1,0.0000,0.4541,0.0000,0.0000
146.0000,195.4926,0.0000,0,0.0000,0.4541,0.0000,0.0000
147.0000,195.2959,0.0000,0,0.0000,0.4541,0.0000,0.0000
148.0000,195.0861,0.0000,0,0.0000,0.4541,0.0000,0.0000
149.0000,194.8639,0.0000,0,0.0000,0.4541,0.0000,0.0000
150.0000,194.6298,185.1205,1,0.0000,0.4541,0.0000,0.0000
151.0000,194.3845,0.0000,0,0.0000,0.4541,0.0000,0.0000
152.0000,194.1284,0.0000,0,0.0000,0.4541,0.0000,0.0000
153.0000,193.8621,0.0000,0,0.0000,0.4541,0.0000,0.0000
154.0000,193.5863,0.0000,0,0.0000,0.4541,0.0000,0.0000
155.0000,193.3012,212.9226,1,0.0000,0.4541,0.0000,0.0000
156.0000,193.0076,0.0000,0,0.0000,0.4541,0.0000,0.0000
157.0000,192.7058,0.0000,0,0.0000,0.4541,0.0000,0.0000
158.0000,192.3964,0.0000,0,0.0000,0.4541,0.0000,0.0000
159.0000,192.0797,0.0000,0,0.0000,0.4541,0.0000,0.0000
160.0000,191.7563,205.7546,1,0.0000,0.4541,0.0000,0.0000
161.0000,191.4265,0.0000,0,0.0000,0.4541,0.0000,0.0000
162.0000,191.0908,0.0000,0,0.0000,0.4541,0.0000,0.0000
163.0000,190.7497,0.0000,0,0.0000,0.4541,0.0000,0.0000
164.0000,190.4034,0.0000,0,0.0000,0.4541,0.0000,0.0000
165.0000,190.0524,175.0229,1,0.0000,0.4541,0.0000,0.0000
166.0000,189.6971,0.0000,0,0.0000,0.4541,0.0000,0.0000
167.0000,189.3379,0.0000,0,0.0000,0.4541,0.0000,0.0000
168.0000,188.9752,0.0000,0,0.0000,0.4541,0.0000,0.0000
169.0000,188.6092,0.0000,0,0.0000,0.4541,0.0000,0.0000
170.0000,188.2404,188.1455,1,0.0000,0.4541,0.0000,0.0000
171.0000,187.8691,0.0000,0,0.0000,0.4541,0.0000,0.0000
172.0000,187.4957,0.0000,0,0.0000,0.4541,0.0000,0.0000
173.0000,187.1205,0.0000,0,0.0000,0.4541,0.0000,0.0000
174.0000,186.7438,0.0000,0,0.0000,0.4541,0.0000,0.0000
175.0000,186.3660,186.5947,1,0.0000,0.4541,0.0000,0.0000
176.0000,185.9875,0.0000,0,0.0000,0.4541,0.0000,0.0000
177.0000,185.6085,0.0000,0,0.0000,0.4541,0.0000,0.0000
178.0000,185.2294,0.0000,0,0.0000,0.4541,0.0000,0.0000
179.0000,184.8506,0.0000,0,0.0000,0.4541,0.0000,0.0000
180.0000,184.4723,167.8475,1,0.0000,0.4541,0.0000,0.0000
181.0000,184.0949,0.0000,0,0.0000,0.4541,0.0000,0.0000
182.0000,183.7188,0.0000,0,0.0000,0.4541,0.0000,0.0000
183.0000,183.3443,0.0000,0,0.0000,0.4541,0.0000,0.0000
184.0000,182.9717,0.0000,0,0.0000,0.4541,0.0000,0.0000
185.0000,182.6014,193.2185,1,0.0000,0.4541,0.0000,0.0000
186.0000,182.2338,0.0000,0,0.0000,0.4541,0.0000,0.0000
187.0000,181.8692,0.0000,0,0.0000,0.4541,0.0000,0.0000
188.0000,181.5081,0.0000,0,0.0000,0.4541,0.0000,0.0000
189.0000,181.1507,0.0000,0,0.0000,0.4541,0.0000,0.0000
190.0000,180.7976,186.1864,1,0.0000,0.4541,0.0000,0.0000
191.0000,180.4491,0.0000,0,0.0000,0.4541,0.0000,0.0000
192.0000,180.1057,0.0000,0,0.0000,0.4541,0.0000,0.0000
193.0000,179.7677,0.0000,0,0.0000,0.4541,0.0000,0.0000
194.0000,179.4355,0.0000,0,0.0000,0.4541,0.0000,0.0000
195.0000,179.1098,188.3106,1,0.0000,0.4541,0.0000,0.0000
196.0000,178.7909,0.0000,0,0.0000,0.4541,0.0000,0.0000
197.0000,178.4795,0.0000,0,0.0000,0.4541,0.0000,0.0000
198.0000,178.1762,0.0000,0,0.0000,0.4541,0.0000,0.0000
199.0000,177.8815,0.0000,0,0.0000,0.4541,0.0000,0.0000
200.0000,177.5963,180.2198,1,0.0000,0.4541,0.0000,0.0000
201.0000,177.3212,0.0000,0,0.0000,0.4541,0.0000,0.0000
202.0000,177.0569,0.0000,0,0.0000,0.4541,0.0000,0.0000
203.0000,176.8043,0.0000,0,0.0000,0.4541,0.0000,0.0000
204.0000,176.5643,0.0000,0,0.0000,0.4541,0.0000,0.0000
205.0000,176.3377,186.2784,1,0.0000,0.4541,0.0000,0.0000
206.0000,176.1257,0.0000,0,0.0000,0.4541,0.0000,0.0000
207.0000,175.9292,0.0000,0,0.0000,0.4541,0.0000,0.0000
208.0000,175.7493,0.0000,0,0.0000,0.4541,0.0000,0.0000
209.0000,175.5873,0.0000,0,0.0000,0.4541,0.0000,0.0000
210.0000,175.4444,188.6111,1,0.0000,0.4541,0.0000,0.0000
211.0000,175.3219,0.0000,0,0.0000,0.4541,0.0000,0.0000
212.0000,175.2211,0.0000,0,0.0000,0.4541,0.0000,0.0000
213.0000,175.1433,0.0000,0,0.0000,0.4541,0.0000,0.0000
214.0000,175.0898,0.0000,0,0.0000,0.4541,0.0000,0.0000
215.0000,175.0618,212.5480,1,0.0000,0.4541,0.0000,0.0000
216.0000,175.0604,0.0000,0,0.0000,0.4541,0.0000,0.0000
217.0000,175.0864,0.0000,0,0.0000,0.4541,0.0000,0.0000
218.0000,175.1403,0.0000,0,0.0000,0.4541,0.0000,0.0000
219.0000,175.2222,0.0000,0,0.0000,0.4541,0.0000,0.0000
220.0000,175.3320,188.2650,1,0.0000,0.4541,0.0000,0.0000
221.0000,175.4687,0.0000,0,0.0000,0.4541,0.0000,0.0000
222.0000,175.6310,0.0000,0,0.0000,0.4541,0.0000,0.0000
223.0000,175.8170,0.0000,0,0.0000,0.4541,0.0000,0.0000
224.0000,176.0242,0.0000,0,0.0000,0.4541,0.0000,0.0000
225.0000,176.2496,199.5010,1,0.0000,0.4541,0.0000,0.0000
226.0000,176.4901,0.0000,0,0.0000,0.4541,0.0000,0.0000
227.0000,176.7423,0.0000,0,0.0000,0.4541,0.0000,0.0000
228.0000,177.0023,0.0000,0,0.0000,0.4541,0.0000,0.0000
229.0000,177.2668,0.0000,0,0.0000,0.4541,0.0000,0.0000
230.0000,177.5323,183.5705,1,0.0000,0.4541,0.0000,0.0000
231.0000,177.7953,0.0000,0,0.0000,0.4541,0.0000,0.0000
232.0000,178.0528,0.0000,0,0.0000,0.4541,0.0000,0.0000
233.0000,178.3021,0.0000,0,0.0000,0.4541,0.0000,0.0000
234.0000,178.5405,0.0000,0,0.0000,0.4541,0.0000,0.0000
235.0000,178.7660,178.6443,1,0.0000,0.4541,0.0000,0.0000
236.0000,178.9765,0.0000,0,0.0000,0.4541,0.0000,0.0000
237.0000,179.1705,0.0000,0,0.0000,0.4541,0.0000,0.0000
238.0000,179.3467,0.0000,0,0.0000,0.4541,0.0000,0.0000
239.0000,179.5039,0.0000,0,0.0000,0.4541,0.0000,0.0000
240.0000,179.6414,175.7353,1,0.0000,0.4541,0.0000,0.0000
241.0000,179.7584,0.0000,0,0.0000,0.4541,0.0000,0.0000
242.0000,179.8546,0.0000,0,0.0000,0.4541,0.0000,0.0000
243.0000,179.9297,0.0000,0,0.0000,0.4541,0.0000,0.0000
244.0000,179.9836,0.0000,0,0.0000,0.4541,0.0000,0.0000
245.0000,180.0164,176.3232,1,0.0000,0.4541,0.0000,0.0000
246.0000,180.0280,0.0000,0,0.0000,0.4541,0.0000,0.0000
247.0000,180.0189,0.0000,0,0.0000,0.4541,0.0000,0.0000
248.0000,179.9892,0.0000,0,0.0000,0.4541,0.0000,0.0000
249.0000,179.9395,0.0000,0,0.0000,0.4541,0.0000,0.0000
250.0000,179.8701,181.5837,1,0.0000,0.4541,0.0000,0.0000
251.0000,179.7815,0.0000,0,0.0000,0.4541,0.0000,0.0000
252.0000,179.6743,0.0000,0,0.0000,0.4541,0.0000,0.0000
253.0000,179.5491,0.0000,0,0.0000,0.4541,0.0000,0.0000
254.0000,179.4064,0.0000,0,0.0000,0.4541,0.0000,0.0000
255.0000,179.2468,178.2653,1,0.0000,0.4541,0.0000,0.0000
256.0000,179.0711,0.0000,0,0.0000,0.4541,0.0000,0.0000
257.0000,178.8797,0.0000,0,0.0000,0.4541,0.0000,0.0000
258.0000,178.6734,0.0000,0,0.0000,0.4541,0.0000,0.0000
259.0000,178.4528,0.0000,0,0.0000,0.4541,0.0000,0.0000
260.0000,178.2185,191.3043,1,0.0000,0.4541,0.0000,0.0000
261.0000,177.9712,0.0000,0,0.0000,0.4541,0.0000,0.0000
262.0000,177.7113,0.0000,0,0.0000,0.4541,0.0000,0.0000
263.0000,177.4397,0.0000,0,0.0000,0.4541,0.0000,0.0000
264.0000,177.1568,0.0000,0,0.0000,0.4541,0.0000,0.0000
265.0000,176.8633,200.3285,1,0.0000,0.4541,0.0000,0.0000
266.0000,176.5597,0.0000,0,0.0000,0.4541,0.0000,0.0000
267.0000,176.2465,0.0000,0,0.0000,0.4541,0.0000,0.0000
268.0000,175.9244,0.0000,0,0.0000,0.4541,0.0000,0.0000
269.0000,175.5938,0.0000,0,0.0000,0.4541,0.0000,0.0000
270.0000,175.2553,186.2855,1,0.0000,0.4541,0.0000,0.0000
271.0000,174.9093,0.0000,0,0.0000,0.4541,0.0000,0.0000
272.0000,174.5563,0.0000,0,0.0000,0.4541,0.0000,0.0000
273.0000,174.1968,0.0000,0,0.0000,0.4541,0.0000,0.0000
274.0000,173.8312,0.0000,0,0.0000,0.4541,0.0000,0.0000
275.0000,173.4600,184.8128,1,0.0000,0.4541,0.0000,0.0000
276.0000,173.0835,0.0000,0,0.0000,0.4541,0.0000,0.0000
277.0000,172.7022,0.0000,0,0.0000,0.4541,0.0000,0.0000
278.0000,172.3164,0.0000,0,0.0000,0.4541,0.0000,0.0000
279.0000,171.9266,0.0000,0,0.0000,0.4541,0.0000,0.0000
280.0000,171.5330,173.6412,1,0.0000,0.4541,0.0000,0.0000
281.0000,171.1359,0.0000,0,0.0000,0.4541,0.0000,0.0000
282.0000,170.7358,0.0000,0,0.0000,0.4541,0.0000,0.0000
283.0000,170.3329,0.0000,0,0.0000,0.4541,0.0000,0.0000
284.0000,169.9276,0.0000,0,0.0000,0.4541,0.0000,0.0000
285.0000,169.5200,165.6522,1,0.0000,0.4541,0.0000,0.0000
286.0000,169.1105,0.0000,0,0.0000,0.4541,0.0000,0.0000
287.0000,168.6993,0.0000,0,0.0000,0.4541,0.0000,0.0000
288.0000,168.2867,0.0000,0,0.0000,0.4541,0.0000,0.0000
289.0000,167.8729,0.0000,0,0.0000,0.4541,0.0000,0.0000
290.0000,167.4581,175.6834,1,0.0000,0.4541,0.0000,0.0000
291.0000,167.0426,0.0000,0,0.0000,0.4541,0.0000,0.0000
292.0000,166.6265,0.0000,0,0.0000,0.4541,0.0000,0.0000
293.0000,166.2100,0.0000,0,0.0000,0.4541,0.0000,0.0000
294.0000,165.7933,0.0000,0,0.0000,0.4541,0.0000,0.0000
295.0000,165.3767,182.7929,1,0.0000,0.4541,0.0000,0.0000
296.0000,164.9601,0.0000,0,0.0000,0.4541,0.0000,0.0000
297.0000,164.5439,0.0000,0,0.0000,0.4541,0.0000,0.0000
298.0000,164.1281,0.0000,0,0.0000,0.4541,0.0000,0.0000
299.0000,163.7129,0.0000,0,0.0000,0.4541,0.0000,0.0000
300.0000,163.2984,158.7134,1,0.0000,0.4541,0.0000,0.0000
301.0000,162.8848,0.0000,0,0.0000,0.4541,0.0000,0.0000
302.0000,162.4721,0.0000,0,0.0000,0.4541,0.0000,0.0000
303.0000,162.0605,0.0000,0,0.0000,0.4541,0.0000,0.0000
304.0000,161.6501,0.0000,0,0.0000,0.4541,0.0000,0.0000
305.0000,161.2410,168.6988,1,0.0000,0.4541,0.0000,0.0000
306.0000,160.8332,0.0000,0,0.0000,0.4541,0.0000,0.0000
307.0000,160.4269,0.0000,0,0.0000,0.4541,0.0000,0.0000
308.0000,160.0221,0.0000,0,0.0000,0.4541,0.0000,0.0000
309.0000,159.6189,0.0000,0,0.0000,0.4541,0.0000,0.0000
310.0000,159.2175,156.4504,1,0.0000,0.4541,0.0000,0.0000
311.0000,158.8177,0.0000,0,0.0000,0.4541,0.0000,0.0000
312.0000,158.4198,0.0000,0,0.0000,0.4541,0.0000,0.0000
313.0000,158.0237,0.0000,0,0.0000,0.4541,0.0000,0.0000
314.0000,157.6296,0.0000,0,0.0000,0.4541,0.0000,0.0000
315.0000,157.2375,144.1197,1,0.0000,0.4541,0.0000,0.0000
316.0000,156.8474,0.0000,0,0.0000,0.4541,0.0000,0.0000
317.0000,156.4593,0.0000,0,0.0000,0.4541,0.0000,0.0000
318.0000,156.0733,0.0000,0,0.0000,0.4541,0.0000,0.0000
319.0000,155.6895,0.0000,0,0.0000,0.4541,0.0000,0.0000
320.0000,155.3079,151.4065,1,0.0000,0.4541,0.0000,0.0000
321.0000,154.9285,0.0000,0,0.0000,0.4541,0.0000,0.0000
322.0000,154.5513,0.0000,0,0.0000,0.4541,0.0000,0.0000
323.0000,154.1764,0.0000,0,0.0000,0.4541,0.0000,0.0000
324.0000,153.8037,0.0000,0,0.0000,0.4541,0.0000,0.0000
325.0000,153.4334,147.6764,1,0.0000,0.4541,0.0000,0.0000
326.0000,153.0654,0.0000,0,0.0000,0.4541,0.0000,0.0000
327.0000,152.6997,0.0000,0,0.0000,0.4541,0.0000,0.0000
328.0000,152.3364,0.0000,0,0.0000,0.4541,0.0000,0.0000
329.0000,151.9754,0.0000,0,0.0000,0.4541,0.0000,0.0000
330.0000,151.6168,150.7021,1,3.0000,54.4541,0.0000,0.0000
331.0000,151.2606,0.0000,0,3.0000,54.4541,0.0000,0.0000
332.0000,150.9065,0.0000,0,3.0000,54.4541,0.0000,0.0000
333.0000,150.5564,0.0000,0,3.0000,54.4541,0.0000,0.0000
334.0000,150.2159,0.0000,0,3.0000,54.4541,0.0000,0.0000
335.0000,149.8933,137.8575,1,3.0000,0.4541,0.0000,0.0000
336.0000,149.5977,0.0000,0,3.0000,0.4541,0.0000,0.0000
337.0000,149.3393,0.0000,0,3.0000,0.4541,0.0000,0.0000
338.0000,149.1285,0.0000,0,3.0000,0.4541,0.0000,0.0000
339.0000,148.9758,0.0000,0,3.0000,0.4541,0.0000,0.0000
340.0000,148.8917,144.7331,1,3.0000,0.4541,0.0000,0.0000
341.0000,148.8865,0.0000,0,3.0000,0.4541,0.0000,0.0000
342.0000,148.9701,0.0000,0,3.0000,0.4541,0.0000,0.0000
343.0000,149.1522,0.0000,0,3.0000,0.4541,0.0000,0.0000
344.0000,149.4417,0.0000,0,3.0000,0.4541,0.0000,0.0000
345.0000,149.8470,139.2891,1,0.0000,0.4541,0.0000,0.0000
346.0000,150.3780,0.0000,0,0.0000,0.4541,0.0000,0.0000
347.0000,151.0412,0.0000,0,0.0000,0.4541,0.0000,0.0000
348.0000,151.8386,0.0000,0,0.0000,0.4541,0.0000,0.0000
349.0000,152.7689,0.0000,0,0.0000,0.4541,0.0000,0.0000
350.0000,153.8282,164.6313,1,0.0000,0.4541,0.0000,0.0000
351.0000,155.0097,0.0000,0,0.0000,0.4541,0.0000,0.0000
352.0000,156.3048,0.0000,0,0.0000,0.4541,0.0000,0.0000
353.0000,157.7028,0.0000,0,0.0000,0.4541,0.0000,0.0000
354.0000,159.1915,0.0000,0,0.0000,0.4541,0.0000,0.0000
355.0000,160.7565,161.4674,1,0.0000,0.4541,0.0000,0.0000
356.0000,162.3823,0.0000,0,0.0000,0.4541,0.0000,0.0000
357.0000,164.0519,0.0000,0,0.0000,0.4541,0.0000,0.0000
358.0000,165.7475,0.0000,0,0.0000,0.4541,0.0000,0.0000
359.0000,167.4510,0.0000,0,0.0000,0.4541,0.0000,0.0000
360.0000,169.1452,176.5113,1,0.0000,0.4541,0.0000,0.0000
361.0000,170.8140,0.0000,0,0.0000,0.4541,0.0000,0.0000
362.0000,172.4436,0.0000,0,0.0000,0.4541,0.0000,0.0000
363.0000,174.0225,0.0000,0,0.0000,0.4541,0.0000,0.0000
364.0000,175.5416,0.0000,0,0.0000,0.4541,0.0000,0.0000
365.0000,176.9945,172.2675,1,0.0000,0.4541,0.0000,0.0000
366.0000,178.3764,0.0000,0,0.0000,0.4541,0.0000,0.0000
367.0000,179.6848,0.0000,0,0.0000,0.4541,0.0000,0.0000
368.0000,180.9182,0.0000,0,0.0000,0.4541,0.0000,0.0000
369.0000,182.0763,0.0000,0,0.0000,0.4541,0.0000,0.0000
370.0000,183.1596,201.2190,1,0.0000,0.4541,0.0000,0.0000
371.0000,184.1695,0.0000,0,0.0000,0.4541,0.0000,0.0000
372.0000,185.1081,0.0000,0,0.0000,0.4541,0.0000,0.0000
373.0000,185.9774,0.0000,0,0.0000,0.4541,0.0000,0.0000
374.0000,186.7802,0.0000,0,0.0000,0.4541,0.0000,0.0000
375.0000,187.5189,184.7832,1,0.0000,0.4541,0.0000,0.0000
376.0000,188.1963,0.0000,0,0.0000,0.4541,0.0000,0.0000
377.0000,188.8150,0.0000,0,0.0000,0.4541,0.0000,0.0000
378.0000,189.3776,0.0000,0,0.0000,0.4541,0.0000,0.0000
379.0000,189.8869,0.0000,0,0.0000,0.4541,0.0000,0.0000
380.0000,190.3451,201.1426,1,0.0000,0.4541,0.0000,0.0000
381.0000,190.7549,0.0000,0,0.0000,0.4541,0.0000,0.0000
382.0000,191.1185,0.0000,0,0.0000,0.4541,0.0000,0.0000
383.0000,191.4381,0.0000,0,0.0000,0.4541,0.0000,0.0000
384.0000,191.7159,0.0000,0,0.0000,0.4541,0.0000,0.0000
385.0000,191.9539,197.3071,1,0.0000,0.4541,0.0000,0.0000
386.0000,192.1540,0.0000,0,0.0000,0.4541,0.0000,0.0000
387.0000,192.3181,0.0000,0,0.0000,0.4541,0.0000,0.0000
388.0000,192.4478,0.0000,0,0.0000,0.4541,0.0000,0.0000
389.0000,192.5449,0.0000,0,0.0000,0.4541,0.0000,0.0000
390.0000,192.6110,213.4173,1,0.0000,0.4541,0.0000,0.0000
391.0000,192.6474,0.0000,0,0.0000,0.4541,0.0000,0.0000
392.0000,192.6557,0.0000,0,0.0000,0.4541,0.0000,0.0000
393.0000,192.6372,0.0000,0,0.0000,0.4541,0.0000,0.0000
394.0000,192.5931,0.0000,0,0.0000,0.4541,0.0000,0.0000
395.0000,192.5247,205.2265,1,0.0000,0.4541,0.0000,0.0000
396.0000,192.4332,0.0000,0,0.0000,0.4541,0.0000,0.0000
397.0000,192.3196,0.0000,0,0.0000,0.4541,0.0000,0.0000
398.0000,192.1850,0.0000,0,0.0000,0.4541,0.0000,0.0000
399.0000,192.0304,0.0000,0,0.0000,0.4541,0.0000,0.0000
400.0000,191.8567,195.7597,1,0.0000,0.4541,0.0000,0.0000
401.0000,191.6649,0.0000,0,0.0000,0.4541,0.0000,0.0000
402.0000,191.4559,0.0000,0,0.0000,0.4541,0.0000,0.0000
403.0000,191.2304,0.0000,0,0.0000,0.4541,0.0000,0.0000
404.0000,190.9894,0.0000,0,0.0000,0.4541,0.0000,0.0000
405.0000,190.7335,199.7215,1,0.0000,0.4541,0.0000,0.0000
406.0000,190.4634,0.0000,0,0.0000,0.4541,0.0000,0.0000
407.0000,190.1800,0.0000,0,0.0000,0.4541,0.0000,0.0000
408.0000,189.8838,0.0000,0,0.0000,0.4541,0.0000,0.0000
409.0000,189.5756,0.0000,0,0.0000,0.4541,0.0000,0.0000
410.0000,189.2558,187.2905,1,0.0000,0.4541,0.0000,0.0000
411.0000,188.9252,0.0000,0,0.0000,0.4541,0.0000,0.0000
412.0000,188.5844,0.0000,0,0.0000,0.4541,0.0000,0.0000
413.0000,188.2337,0.0000,0,0.0000,0.4541,0.0000,0.0000
414.0000,187.8739,0.0000,0,0.0000,0.4541,0.0000,0.0000
415.0000,187.5054,209.8357,1,0.0000,0.4541,0.0000,0.0000
416.0000,187.1286,0.0000,0,0.0000,0.4541,0.0000,0.0000
417.0000,186.7442,0.0000,0,0.0000,0.4541,0.0000,0.0000
418.0000,186.3524,0.0000,0,0.0000,0.4541,0.0000,0.0000
419.0000,185.9539,0.0000,0,0.0000,0.4541,0.0000,0.0000
420.0000,185.5489,182.6045,1,0.0000,0.4541,0.0000,0.0000
421.0000,185.1380,0.0000,0,0.0000,0.4541,0.0000,0.0000
422.0000,184.7215,0.0000,0,0.0000,0.4541,0.0000,0.0000
423.0000,184.2997,0.0000,0,0.0000,0.4541,0.0000,0.0000
424.0000,183.8732,0.0000,0,0.0000,0.4541,0.0000,0.0000
425.0000,183.4422,179.0740,1,0.0000,0.4541,0.0000,0.0000
426.0000,183.0070,0.0000,0,0.0000,0.4541,0.0000,0.0000
427.0000,182.5681,0.0000,0,0.0000,0.4541,0.0000,0.0000
428.0000,182.1258,0.0000,0,0.0000,0.4541,0.0000,0.0000
429.0000,181.6803,0.0000,0,0.0000,0.4541,0.0000,0.0000
430.0000,181.2320,182.4308,1,0.0000,0.4541,0.0000,0.0000
431.0000,180.7812,0.0000,0,0.0000,0.4541,0.0000,0.0000
432.0000,180.3282,0.0000,0,0.0000,0.4541,0.0000,0.0000
433.0000,179.8732,0.0000,0,0.0000,0.4541,0.0000,0.0000
434.0000,179.4164,0.0000,0,0.0000,0.4541,0.0000,0.0000
435.0000,178.9579,165.2590,1,0.0000,0.4541,0.0000,0.0000
436.0000,178.4981,0.0000,0,0.0000,0.4541,0.0000,0.0000
437.0000,178.0373,0.0000,0,0.0000,0.4541,0.0000,0.0000
438.0000,177.5758,0.0000,0,0.0000,0.4541,0.0000,0.0000
439.0000,177.1136,0.0000,0,0.0000,0.4541,0.0000,0.0000
440.0000,176.6513,159.4939,1,0.0000,0.4541,0.0000,0.0000
441.0000,176.1889,0.0000,0,0.0000,0.4541,0.0000,0.0000
442.0000,175.7267,0.0000,0,0.0000,0.4541,0.0000,0.0000
443.0000,175.2650,0.0000,0,0.0000,0.4541,0.0000,0.0000
444.0000,174.8040,0.0000,0,0.0000,0.4541,0.0000,0.0000
445.0000,174.3439,178.2986,1,0.0000,0.4541,0.0000,0.0000
446.0000,173.8850,0.0000,0,0.0000,0.4541,0.0000,0.0000
447.0000,173.4275,0.0000,0,0.0000,0.4541,0.0000,0.0000
448.0000,172.9717,0.0000,0,0.0000,0.4541,0.0000,0.0000
449.0000,172.5177,0.0000,0,0.0000,0.4541,0.0000,0.0000
450.0000,172.0658,196.8046,1,0.0000,0.4541,0.0000,0.0000
451.0000,171.6163,0.0000,0,0.0000,0.4541,0.0000,0.0000
452.0000,171.1694,0.0000,0,0.0000,0.4541,0.0000,0.0000
453.0000,170.7253,0.0000,0,0.0000,0.4541,0.0000,0.0000
454.0000,170.2843,0.0000,0,0.0000,0.4541,0.0000,0.0000
455.0000,169.8465,173.1254,1,0.0000,0.4541,0.0000,0.0000
456.0000,169.4124,0.0000,0,0.0000,0.4541,0.0000,0.0000
457.0000,168.9821,0.0000,0,0.0000,0.4541,0.0000,0.0000
458.0000,168.5559,0.0000,0,0.0000,0.4541,0.0000,0.0000
459.0000,168.1341,0.0000,0,0.0000,0.4541,0.0000,0.0000
460.0000,167.7169,163.3853,1,0.0000,0.4541,0.0000,0.0000
461.0000,167.3047,0.0000,0,0.0000,0.4541,0.0000,0.0000
462.0000,166.8978,0.0000,0,0.0000,0.4541,0.0000,0.0000
463.0000,166.4965,0.0000,0,0.0000,0.4541,0.0000,0.0000
464.0000,166.1012,0.0000,0,0.0000,0.4541,0.0000,0.0000
465.0000,165.7122,173.5065,1,0.0000,0.4541,0.0000,0.0000
466.0000,165.3299,0.0000,0,0.0000,0.4541,0.0000,0.0000
467.0000,164.9547,0.0000,0,0.0000,0.4541,0.0000,0.0000
468.0000,164.5870,0.0000,0,0.0000,0.4541,0.0000,0.0000
469.0000,164.2273,0.0000,0,0.0000,0.4541,0.0000,0.0000
470.0000,163.8760,179.3422,1,0.0000,0.4541,0.0000,0.0000
471.0000,163.5338,0.0000,0,0.0000,0.4541,0.0000,0.0000
472.0000,163.2011,0.0000,0,0.0000,0.4541,0.0000,0.0000
473.0000,162.8785,0.0000,0,0.0000,0.4541,0.0000,0.0000
474.0000,162.5668,0.0000,0,0.0000,0.4541,0.0000,0.0000
475.0000,162.2665,171.6448,1,0.0000,0.4541,0.0000,0.0000
476.0000,161.9784,0.0000,0,0.0000,0.4541,0.0000,0.0000
477.0000,161.7032,0.0000,0,0.0000,0.4541,0.0000,0.0000
478.0000,161.4419,0.0000,0,0.0000,0.4541,0.0000,0.0000
479.0000,161.1953,0.0000,0,0.0000,0.4541,0.0000,0.0000
480.0000,160.9642,151.2441,1,0.0000,0.4541,0.0000,0.0000
481.0000,160.7497,0.0000,0,0.0000,0.4541,0.0000,0.0000
482.0000,160.5527,0.0000,0,0.0000,0.4541,0.0000,0.0000
483.0000,160.3742,0.0000,0,0.0000,0.4541,0.0000,0.0000
484.0000,160.2152,0.0000,0,0.0000,0.4541,0.0000,0.0000
485.0000,160.0765,168.6638,1,0.0000,0.4541,0.0000,0.0000
486.0000,159.9589,0.0000,0,0.0000,0.4541,0.0000,0.0000
487.0000,159.8630,0.0000,0,0.0000,0.4541,0.0000,0.0000
488.0000,159.7892,0.0000,0,0.0000,0.4541,0.0000,0.0000
489.0000,159.7376,0.0000,0,0.0000,0.4541,0.0000,0.0000
490.0000,159.7081,158.0855,1,0.0000,0.4541,0.0000,0.0000
491.0000,159.6998,0.0000,0,0.0000,0.4541,0.0000,0.0000
492.0000,159.7119,0.0000,0,0.0000,0.4541,0.0000,0.0000
493.0000,159.7428,0.0000,0,0.0000,0.4541,0.0000,0.0000
494.0000,159.7907,0.0000,0,0.0000,0.4541,0.0000,0.0000
495.0000,159.8534,178.5120,1,0.0000,0.4541,0.0000,0.0000
496.0000,159.9284,0.0000,0,0.0000,0.4541,0.0000,0.0000
497.0000,160.0131,0.0000,0,0.0000,0.4541,0.0000,0.0000
498.0000,160.1049,0.0000,0,0.0000,0.4541,0.0000,0.0000
499.0000,160.2010,0.0000,0,0.0000,0.4541,0.0000,0.0000
500.0000,160.2988,154.0035,1,0.0000,0.4541,0.0000,0.0000
501.0000,160.3959,0.0000,0,0.0000,0.4541,0.0000,0.0000
502.0000,160.4897,0.0000,0,0.0000,0.4541,0.0000,0.0000
503.0000,160.5784,0.0000,0,0.0000,0.4541,0.0000,0.0000
504.0000,160.6599,0.0000,0,0.0000,0.4541,0.0000,0.0000
505.0000,160.7326,173.2547,1,0.0000,0.4541,0.0000,0.0000
506.0000,160.7951,0.0000,0,0.0000,0.4541,0.0000,0.0000
507.0000,160.8462,0.0000,0,0.0000,0.4541,0.0000,0.0000
508.0000,160.8847,0.0000,0,0.0000,0.4541,0.0000,0.0000
509.0000,160.9100,0.0000,0,0.0000,0.4541,0.0000,0.0000
510.0000,160.9214,168.2277,1,0.0000,0.4541,0.0000,0.0000
511.0000,160.9183,0.0000,0,0.0000,0.4541,0.0000,0.0000
512.0000,160.9005,0.0000,0,0.0000,0.4541,0.0000,0.0000
513.0000,160.8677,0.0000,0,0.0000,0.4541,0.0000,0.0000
514.0000,160.8199,0.0000,0,0.0000,0.4541,0.0000,0.0000
515.0000,160.7571,157.4038,1,0.0000,0.4541,0.0000,0.0000
516.0000,160.6793,0.0000,0,0.0000,0.4541,0.0000,0.0000
517.0000,160.5868,0.0000,0,0.0000,0.4541,0.0000,0.0000
518.0000,160.4797,0.0000,0,0.0000,0.4541,0.0000,0.0000
519.0000,160.3583,0.0000,0,0.0000,0.4541,0.0000,0.0000
520.0000,160.2230,155.2680,1,0.0000,0.4541,0.0000,0.0000
521.0000,160.0741,0.0000,0,0.0000,0.4541,0.0000,0.0000
522.0000,159.9120,0.0000,0,0.0000,0.4541,0.0000,0.0000
523.0000,159.7372,0.0000,0,0.0000,0.4541,0.0000,0.0000
524.0000,159.5500,0.0000,0,0.0000,0.4541,0.0000,0.0000
525.0000,159.3509,169.1701,1,0.0000,0.4541,0.0000,0.0000
526.0000,159.1405,0.0000,0,0.0000,0.4541,0.0000,0.0000
527.0000,158.9191,0.0000,0,0.0000,0.4541,0.0000,0.0000
528.0000,158.6872,0.0000,0,0.0000,0.4541,0.0000,0.0000
529.0000,158.4452,0.0000,0,0.0000,0.4541,0.0000,0.0000
530.0000,158.1938,151.2481,1,0.0000,0.4541,0.0000,0.0000
531.0000,157.9332,0.0000,0,0.0000,0.4541,0.0000,0.0000
532.0000,157.6640,0.0000,0,0.0000,0.4541,0.0000,0.0000
533.0000,157.3866,0.0000,0,0.0000,0.4541,0.0000,0.0000
534.0000,157.1015,0.0000,0,0.0000,0.4541,0.0000,0.0000
535.0000,156.8090,166.5462,1,0.0000,0.4541,0.0000,0.0000
536.0000,156.5097,0.0000,0,0.0000,0.4541,0.0000,0.0000
537.0000,156.2039,0.0000,0,0.0000,0.4541,0.0000,0.0000
538.0000,155.8919,0.0000,0,0.0000,0.4541,0.0000,0.0000
539.0000,155.5743,0.0000,0,0.0000,0.4541,0.0000,0.0000
540.0000,155.2514,165.2861,1,0.0000,0.4541,0.0000,0.0000
541.0000,154.9235,0.0000,0,0.0000,0.4541,0.0000,0.0000
542.0000,154.5910,0.0000,0,0.0000,0.4541,0.0000,0.0000
543.0000,154.2542,0.0000,0,0.0000,0.4541,0.0000,0.0000
544.0000,153.9135,0.0000,0,0.0000,0.4541,0.0000,0.0000
545.0000,153.5692,171.6924,1,0.0000,0.4541,0.0000,0.0000
546.0000,153.2215,0.0000,0,0.0000,0.4541,0.0000,0.0000
547.0000,152.8708,0.0000,0,0.0000,0.4541,0.0000,0.0000
548.0000,152.5174,0.0000,0,0.0000,0.4541,0.0000,0.0000
549.0000,152.1614,0.0000,0,0.0000,0.4541,0.0000,0.0000
550.0000,151.8033,141.4873,1,0.0000,0.4541,0.0000,0.0000
551.0000,151.4432,0.0000,0,0.0000,0.4541,0.0000,0.0000
552.0000,151.0813,0.0000,0,0.0000,0.4541,0.0000,0.0000
553.0000,150.7179,0.0000,0,0.0000,0.4541,0.0000,0.0000
554.0000,150.3532,0.0000,0,0.0000,0.4541,0.0000,0.0000
555.0000,149.9875,142.6502,1,0.0000,0.4541,0.0000,0.0000
556.0000,149.6208,0.0000,0,0.0000,0.4541,0.0000,0.0000
557.0000,149.2535,0.0000,0,0.0000,0.4541,0.0000,0.0000
558.0000,148.8856,0.0000,0,0.0000,0.4541,0.0000,0.0000
559.0000,148.5173,0.0000,0,0.0000,0.4541,0.0000,0.0000
560.0000,148.1489,152.8574,1,0.0000,0.4541,0.0000,0.0000
561.0000,147.7804,0.0000,0,0.0000,0.4541,0.0000,0.0000
562.0000,147.4121,0.0000,0,0.0000,0.4541,0.0000,0.0000
563.0000,147.0440,0.0000,0,0.0000,0.4541,0.0000,0.0000
564.0000,146.6762,0.0000,0,0.0000,0.4541,0.0000,0.0000
565.0000,146.3090,150.1173,1,0.0000,0.4541,0.0000,0.0000
566.0000,145.9424,0.0000,0,0.0000,0.4541,0.0000,0.0000
567.0000,145.5766,0.0000,0,0.0000,0.4541,0.0000,0.0000
568.0000,145.2116,0.0000,0,0.0000,0.4541,0.0000,0.0000
569.0000,144.8475,0.0000,0,0.0000,0.4541,0.0000,0.0000
570.0000,144.4845,146.2788,1,0.0000,0.4541,0.0000,0.0000
571.0000,144.1226,0.0000,0,0.0000,0.4541,0.0000,0.0000
572.0000,143.7619,0.0000,0,0.0000,0.4541,0.0000,0.0000
573.0000,143.4026,0.0000,0,0.0000,0.4541,0.0000,0.0000
574.0000,143.0446,0.0000,0,0.0000,0.4541,0.0000,0.0000
575.0000,142.6880,140.3380,1,0.0000,0.4541,0.0000,0.0000
576.0000,142.3330,0.0000,0,0.0000,0.4541,0.0000,0.0000
577.0000,141.9795,0.0000,0,0.0000,0.4541,0.0000,0.0000
578.0000,141.6276,0.0000,0,0.0000,0.4541,0.0000,0.0000
579.0000,141.2775,0.0000,0,0.0000,0.4541,0.0000,0.0000
580.0000,140.9290,139.7430,1,0.0000,0.4541,0.0000,0.0000
581.0000,140.5824,0.0000,0,0.0000,0.4541,0.0000,0.0000
582.0000,140.2376,0.0000,0,0.0000,0.4541,0.0000,0.0000
583.0000,139.8946,0.0000,0,0.0000,0.4541,0.0000,0.0000
584.0000,139.5535,0.0000,0,0.0000,0.4541,0.0000,0.0000
585.0000,139.2144,131.8458,1,0.0000,0.4541,0.0000,0.0000
586.0000,138.8773,0.0000,0,0.0000,0.4541,0.0000,0.0000
587.0000,138.5421,0.0000,0,0.0000,0.4541,0.0000,0.0000
588.0000,138.2090,0.0000,0,0.0000,0.4541,0.0000,0.0000
589.0000,137.8779,0.0000,0,0.0000,0.4541,0.0000,0.0000
590.0000,137.5489,128.5699,1,0.0000,0.4541,0.0000,0.0000
591.0000,137.2220,0.0000,0,0.0000,0.4541,0.0000,0.0000
592.0000,136.8972,0.0000,0,0.0000,0.4541,0.0000,0.0000
593.0000,136.5745,0.0000,0,0.0000,0.4541,0.0000,0.0000
594.0000,136.2540,0.0000,0,0.0000,0.4541,0.0000,0.0000
595.0000,135.9356,142.6517,1,0.0000,0.4541,0.0000,0.0000
596.0000,135.6194,0.0000,0,0.0000,0.4541,0.0000,0.0000
597.0000,135.3054,0.0000,0,0.0000,0.4541,0.0000,0.0000
598.0000,134.9935,0.0000,0,0.0000,0.4541,0.0000,0.0000
599.0000,134.6839,0.0000,0,0.0000,0.4541,0.0000,0.0000
600.0000,134.3764,131.6060,1,3.5000,84.4541,0.0000,0.0000
601.0000,134.0712,0.0000,0,3.5000,84.4541,0.0000,0.0000
602.0000,133.7679,0.0000,0,3.5000,84.4541,0.0000,0.0000
603.0000,133.4687,0.0000,0,3.5000,84.4541,0.0000,0.0000
604.0000,133.1802,0.0000,0,3.5000,84.4541,0.0000,0.0000
605.0000,132.9117,140.9680,1,3.5000,0.4541,0.0000,0.0000
606.0000,132.6741,0.0000,0,3.5000,0.4541,0.0000,0.0000
607.0000,132.4789,0.0000,0,3.5000,0.4541,0.0000,0.0000
608.0000,132.3380,0.0000,0,3.5000,0.4541,0.0000,0.0000
609.0000,132.2637,0.0000,0,3.5000,0.4541,0.0000,0.0000
610.0000,132.2680,139.5578,1,3.5000,0.4541,0.0000,0.0000
611.0000,132.3627,0.0000,0,3.5000,0.4541,0.0000,0.0000
612.0000,132.5593,0.0000,0,3.5000,0.4541,0.0000,0.0000
613.0000,132.8687,0.0000,0,3.5000,0.4541,0.0000,0.0000
614.0000,133.3012,0.0000,0,3.5000,0.4541,0.0000,0.0000
615.0000,133.8666,134.4357,1,3.5000,0.4541,0.0000,0.0000
616.0000,134.5737,0.0000,0,3.5000,0.4541,0.0000,0.0000
617.0000,135.4308,0.0000,0,3.5000,0.4541,0.0000,0.0000
618.0000,136.4453,0.0000,0,3.5000,0.4541,0.0000,0.0000
619.0000,137.6239,0.0000,0,3.5000,0.4541,0.0000,0.0000
620.0000,138.9725,135.3921,1,0.0000,0.4541,0.0000,0.0000
621.0000,140.4987,0.0000,0,0.0000,0.4541,0.0000,0.0000
622.0000,142.2055,0.0000,0,0.0000,0.4541,0.0000,0.0000
623.0000,144.0910,0.0000,0,0.0000,0.4541,0.0000,0.0000
624.0000,146.1493,0.0000,0,0.0000,0.4541,0.0000,0.0000
625.0000,148.3708,141.4021,1,0.0000,0.4541,0.0000,0.0000
626.0000,150.7429,0.0000,0,0.0000,0.4541,0.0000,0.0000
627.0000,153.2502,0.0000,0,0.0000,0.4541,0.0000,0.0000
628.0000,155.8748,0.0000,0,0.0000,0.4541,0.0000,0.0000
629.0000,158.5959,0.0000,0,0.0000,0.4541,0.0000,0.0000
630.0000,161.3907,167.9784,1,0.0000,0.4541,0.0000,0.0000
631.0000,164.2340,0.0000,0,0.0000,0.4541,0.0000,0.0000
632.0000,167.0995,0.0000,0,0.0000,0.4541,0.0000,0.0000
633.0000,169.9606,0.0000,0,0.0000,0.4541,0.0000,0.0000
634.0000,172.7914,0.0000,0,0.0000,0.4541,0.0000,0.0000
635.0000,175.5686,200.5589,1,0.0000,0.4541,0.0000,0.0000
636.0000,178.2718,0.0000,0,0.0000,0.4541,0.0000,0.0000
637.0000,180.8844,0.0000,0,0.0000,0.4541,0.0000,0.0000
638.0000,183.3932,0.0000,0,0.0000,0.4541,0.0000,0.0000
639.0000,185.7883,0.0000,0,0.0000,0.4541,0.0000,0.0000
640.0000,188.0637,194.8042,1,0.0000,0.4541,0.0000,0.0000
641.0000,190.2164,0.0000,0,0.0000,0.4541,0.0000,0.0000
642.0000,192.2451,0.0000,0,0.0000,0.4541,0.0000,0.0000
643.0000,194.1507,0.0000,0,0.0000,0.4541,0.0000,0.0000
644.0000,195.9350,0.0000,0,0.0000,0.4541,0.0000,0.0000
645.0000,197.6009,213.7266,1,0.0000,0.4541,0.0000,0.0000
646.0000,199.1519,0.0000,0,0.0000,0.4541,0.0000,0.0000
647.0000,200.5920,0.0000,0,0.0000,0.4541,0.0000,0.0000
648.0000,201.9254,0.0000,0,0.0000,0.4541,0.0000,0.0000
649.0000,203.1565,0.0000,0,0.0000,0.4541,0.0000,0.0000
650.0000,204.2898,225.2443,1,0.0000,0.4541,0.0000,0.0000
651.0000,205.3296,0.0000,0,0.0000,0.4541,0.0000,0.0000
652.0000,206.2802,0.0000,0,0.0000,0.4541,0.0000,0.0000
653.0000,207.1460,0.0000,0,0.0000,0.4541,0.0000,0.0000
654.0000,207.9310,0.0000,0,0.0000,0.4541,0.0000,0.0000
655.0000,208.6391,205.0977,1,0.0000,0.4541,0.0000,0.0000
656.0000,209.2741,0.0000,0,0.0000,0.4541,0.0000,0.0000
657.0000,209.8395,0.0000,0,0.0000,0.4541,0.0000,0.0000
658.0000,210.3388,0.0000,0,0.0000,0.4541,0.0000,0.0000
659.0000,210.7753,0.0000,0,0.0000,0.4541,0.0000,0.0000
660.0000,211.1521,205.0440,1,0.0000,0.4541,0.0000,0.0000
661.0000,211.4721,0.0000,0,0.0000,0.4541,0.0000,0.0000
662.0000,211.7381,0.0000,0,0.0000,0.4541,0.0000,0.0000
663.0000,211.9528,0.0000,0,0.0000,0.4541,0.0000,0.0000
664.0000,212.1187,0.0000,0,0.0000,0.4541,0.0000,0.0000
665.0000,212.2381,226.1585,1,0.0000,0.4541,0.0000,0.0000
666.0000,212.3135,0.0000,0,0.0000,0.4541,0.0000,0.0000
667.0000,212.3468,0.0000,0,0.0000,0.4541,0.0000,0.0000
668.0000,212.3403,0.0000,0,0.0000,0.4541,0.0000,0.0000
669.0000,212.2958,0.0000,0,0.0000,0.4541,0.0000,0.0000
670.0000,212.2151,235.4619,1,0.0000,0.4541,0.0000,0.0000
671.0000,212.1002,0.0000,0,0.0000,0.4541,0.0000,0.0000
672.0000,211.9526,0.0000,0,0.0000,0.4541,0.0000,0.0000
673.0000,211.7740,0.0000,0,0.0000,0.4541,0.0000,0.0000
674.0000,211.5658,0.0000,0,0.0000,0.4541,0.0000,0.0000
675.0000,211.3296,221.8819,1,0.0000,0.4541,0.0000,0.0000
676.0000,211.0668,0.0000,0,0.0000,0.4541,0.0000,0.0000
677.0000,210.7787,0.0000,0,0.0000,0.4541,0.0000,0.0000
678.0000,210.4665,0.0000,0,0.0000,0.4541,0.0000,0.0000
679.0000,210.1316,0.0000,0,0.0000,0.4541,0.0000,0.0000
680.0000,209.7750,218.8017,1,0.0000,0.4541,0.0000,0.0000
681.0000,209.3978,0.0000,0,0.0000,0.4541,0.0000,0.0000
682.0000,209.0013,0.0000,0,0.0000,0.4541,0.0000,0.0000
683.0000,208.5863,0.0000,0,0.0000,0.4541,0.0000,0.0000
684.0000,208.1539,0.0000,0,0.0000,0.4541,0.0000,0.0000
685.0000,207.7050,217.9528,1,0.0000,0.4541,0.0000,0.0000
686.0000,207.2406,0.0000,0,0.0000,0.4541,0.0000,0.0000
687.0000,206.7615,0.0000,0,0.0000,0.4541,0.0000,0.0000
688.0000,206.2685,0.0000,0,0.0000,0.4541,0.0000,0.0000
689.0000,205.7624,0.0000,0,0.0000,0.4541,0.0000,0.0000
690.0000,205.2442,210.9844,1,0.0000,0.4541,0.0000,0.0000
691.0000,204.7143,0.0000,0,0.0000,0.4541,0.0000,0.0000
692.0000,204.1737,0.0000,0,0.0000,0.4541,0.0000,0.0000
693.0000,203.6230,0.0000,0,0.0000,0.4541,0.0000,0.0000
694.0000,203.0629,0.0000,0,0.0000,0.4541,0.0000,0.0000
695.0000,202.4940,221.7887,1,0.0000,0.4541,0.0000,0.0000
696.0000,201.9169,0.0000,0,0.0000,0.4541,0.0000,0.0000
697.0000,201.3322,0.0000,0,0.0000,0.4541,0.0000,0.0000
698.0000,200.7405,0.0000,0,0.0000,0.4541,0.0000,0.0000
699.0000,200.1424,0.0000,0,0.0000,0.4541,0.0000,0.0000
700.0000,199.5385,207.1227,1,0.0000,0.4541,0.0000,0.0000
701.0000,198.9291,0.0000,0,0.0000,0.4541,0.0000,0.0000
702.0000,198.3149,0.0000,0,0.0000,0.4541,0.0000,0.0000
703.0000,197.6964,0.0000,0,0.0000,0.4541,0.0000,0.0000
704.0000,197.0739,0.0000,0,0.0000,0.4541,0.0000,0.0000
705.0000,196.4481,188.4130,1,0.0000,0.4541,0.0000,0.0000
706.0000,195.8192,0.0000,0,0.0000,0.4541,0.0000,0.0000
707.0000,195.1878,0.0000,0,0.0000,0.4541,0.0000,0.0000
708.0000,194.5543,0.0000,0,0.0000,0.4541,0.0000,0.0000
709.0000,193.9191,0.0000,0,0.0000,0.4541,0.0000,0.0000
710.0000,193.2825,204.4953,1,0.0000,0.4541,0.0000,0.0000
711.0000,192.6451,0.0000,0,0.0000,0.4541,0.0000,0.0000
712.0000,192.0071,0.0000,0,0.0000,0.4541,0.0000,0.0000
713.0000,191.3690,0.0000,0,0.0000,0.4541,0.0000,0.0000
714.0000,190.7311,0.0000,0,0.0000,0.4541,0.0000,0.0000
715.0000,190.0938,181.4525,1,0.0000,0.4541,0.0000,0.0000
716.0000,189.4575,0.0000,0,0.0000,0.4541,0.0000,0.0000
717.0000,188.8224,0.0000,0,0.0000,0.4541,0.0000,0.0000
718.0000,188.1890,0.0000,0,0.0000,0.4541,0.0000,0.0000
719.0000,187.5575,0.0000,0,0.0000,0.4541,0.0000,0.0000
